tarih,n1,n2,n3,n4,n5,n6
2007-01-03,4,7,23,29,41,46
2007-01-10,4,11,14,16,32,55
2007-01-17,3,10,18,19,33,53
2007-01-24,4,5,6,16,22,23
2007-01-31,3,15,28,29,54,59
2007-02-07,13,16,36,42,48,49
2007-02-14,6,10,37,53,57,58
2007-02-21,10,16,22,47,48,49
2007-02-28,6,12,26,46,47,50
2007-03-07,7,16,17,27,31,39
2007-03-14,28,34,35,40,42,52
2007-03-21,11,13,27,42,45,47
2007-03-28,11,33,34,41,48,57
2007-04-04,3,18,20,24,40,46
2007-04-11,4,24,30,36,37,41
2007-04-18,2,10,15,23,25,55
2007-04-25,1,13,33,44,46,59
2007-05-02,14,17,31,44,45,51
2007-05-09,3,7,8,13,17,56
2007-05-16,1,3,5,15,24,26
2007-05-23,8,16,39,50,56,59
2007-05-30,4,29,31,43,48,54
2007-06-06,4,16,18,48,51,53
2007-06-13,6,8,15,21,49,60
2007-06-20,9,16,19,46,54,58
2007-06-27,1,4,17,28,44,60
2007-07-04,3,13,34,37,43,59
2007-07-11,16,21,25,29,40,45
2007-07-18,17,23,28,31,49,52
2007-07-25,9,23,24,30,35,43
2007-08-01,11,31,36,49,54,55
2007-08-08,2,5,12,32,54,57
2007-08-15,16,17,24,36,41,52
2007-08-22,12,16,23,24,25,55
2007-08-29,27,29,31,45,53,59
2007-09-05,19,25,31,39,41,43
2007-09-12,1,4,34,37,49,51
2007-09-19,2,5,8,39,41,49
2007-09-26,2,8,21,27,35,49
2007-10-03,1,4,21,26,35,37
2007-10-10,11,20,22,23,25,43
2007-10-17,3,25,28,39,42,55
2007-10-24,12,27,37,39,41,56
2007-10-31,2,11,12,30,33,53
2007-11-07,2,19,29,30,36,48
2007-11-14,8,16,21,30,33,44
2007-11-21,26,28,33,38,49,59
2007-11-28,5,42,46,50,53,54
2007-12-05,6,10,23,25,26,29
2007-12-12,6,12,17,20,21,46
2007-12-19,6,10,23,30,34,42
2007-12-26,3,12,16,18,34,48
2008-01-02,12,21,24,26,34,57
2008-01-09,13,17,30,31,35,51
2008-01-16,16,22,31,37,42,47
2008-01-23,1,15,17,29,37,48
2008-01-30,3,8,22,27,43,46
2008-02-06,1,4,16,18,34,42
2008-02-13,1,12,33,45,46,59
2008-02-20,10,17,20,40,46,51
2008-02-27,3,44,48,51,53,60
2008-03-05,4,27,40,41,46,52
2008-03-12,1,2,4,6,39,47
2008-03-19,1,34,39,44,50,54
2008-03-26,3,8,20,31,43,44
2008-04-02,2,8,21,38,40,58
2008-04-09,2,6,11,12,25,53
2008-04-16,3,13,14,22,29,49
2008-04-23,5,6,16,49,51,54
2008-04-30,11,28,45,46,54,57
2008-05-07,4,11,20,27,50,56
2008-05-14,8,12,13,43,50,53
2008-05-21,2,7,15,20,39,41
2008-05-28,21,25,46,49,57,59
2008-06-04,4,10,12,22,30,41
2008-06-11,2,17,26,36,47,55
2008-06-18,3,4,11,15,25,42
2008-06-25,3,13,20,27,42,60
2008-07-02,6,12,30,42,44,58
2008-07-09,23,29,43,48,52,53
2008-07-16,8,9,25,31,45,59
2008-07-23,18,19,37,43,47,56
2008-07-30,1,12,24,33,48,59
2008-08-06,5,23,28,31,45,53
2008-08-13,21,23,31,42,51,54
2008-08-20,15,19,23,25,41,51
2008-08-27,1,2,4,6,18,37
2008-09-03,8,13,23,24,28,48
2008-09-10,13,21,23,27,30,43
2008-09-17,9,27,36,41,43,45
2008-09-24,4,9,13,17,36,41
2008-10-01,30,39,41,48,54,58
2008-10-08,16,20,23,30,31,60
2008-10-15,8,13,28,41,49,53
2008-10-22,1,4,36,38,47,50
2008-10-29,13,26,30,33,49,55
2008-11-05,1,33,40,42,45,55
2008-11-12,23,25,37,42,56,58
2008-11-19,1,2,36,37,50,59
2008-11-26,20,26,28,34,41,51
2008-12-03,13,17,21,37,49,50
2008-12-10,13,16,17,18,29,49
2008-12-17,5,10,26,28,33,56
2008-12-24,15,26,28,37,53,54
2008-12-31,18,26,29,34,37,60
2009-01-07,8,17,18,19,40,51
2009-01-14,12,25,36,42,50,53
2009-01-21,3,11,34,47,50,58
2009-01-28,1,2,3,5,43,50
2009-02-04,3,25,26,31,33,60
2009-02-11,10,23,37,40,51,52
2009-02-18,5,7,12,27,40,54
2009-02-25,3,10,40,44,48,51
2009-03-04,18,25,37,42,47,53
2009-03-11,10,15,20,28,41,55
2009-03-18,4,17,34,36,40,41
2009-03-25,21,25,28,42,52,59
2009-04-01,6,10,17,21,30,48
2009-04-08,10,28,37,49,50,55
2009-04-15,1,11,29,33,35,51
2009-04-22,14,21,26,33,45,60
2009-04-29,7,9,16,20,34,49
2009-05-06,1,10,11,29,35,43
2009-05-13,7,10,16,20,40,44
2009-05-20,5,20,31,37,57,60
2009-05-27,10,12,19,37,56,57
2009-06-03,3,4,17,20,24,54
2009-06-10,9,15,20,22,48,57
2009-06-17,1,2,13,28,45,51
2009-06-24,6,12,19,40,53,55
2009-07-01,1,4,20,23,40,44
2009-07-08,7,16,20,29,54,55
2009-07-15,28,32,36,40,52,54
2009-07-22,8,25,34,40,45,49
2009-07-29,1,15,24,25,42,59
2009-08-05,2,9,10,17,20,60
2009-08-12,21,24,45,49,56,60
2009-08-19,17,31,36,39,48,55
2009-08-26,1,13,14,22,28,31
2009-09-02,12,26,46,56,59,60
2009-09-09,4,5,28,42,52,57
2009-09-16,8,16,20,31,35,47
2009-09-23,2,7,11,13,24,41
2009-09-30,1,23,36,40,41,54
2009-10-07,1,27,28,30,37,46
2009-10-14,4,13,20,24,43,50
2009-10-21,7,13,21,23,59,60
2009-10-28,19,30,31,47,49,50
2009-11-04,2,16,28,33,52,56
2009-11-11,5,11,29,38,42,46
2009-11-18,1,16,19,24,40,45
2009-11-25,24,25,33,36,50,54
2009-12-02,1,2,5,16,42,46
2009-12-09,17,19,36,43,52,54
2009-12-16,1,33,46,47,50,56
2009-12-23,1,3,5,17,26,34
2009-12-30,15,17,22,34,41,42
2010-01-06,3,13,15,32,42,58
2010-01-13,2,7,31,34,47,50
2010-01-20,2,10,12,56,57,58
2010-01-27,11,24,38,40,52,60
2010-02-03,10,13,15,21,33,42
2010-02-10,1,7,14,15,29,34
2010-02-17,7,8,30,37,51,55
2010-02-24,12,16,20,22,24,60
2010-03-03,1,5,16,23,41,51
2010-03-10,2,7,23,27,37,57
2010-03-17,13,16,18,20,42,52
2010-03-24,17,19,28,29,51,56
2010-03-31,4,20,34,43,49,55
2010-04-07,1,9,12,19,29,35
2010-04-14,3,5,12,13,28,41
2010-04-21,1,5,7,19,30,35
2010-04-28,13,15,19,33,39,46
2010-05-05,17,18,26,39,49,56
2010-05-12,18,33,34,44,47,52
2010-05-19,15,16,33,47,49,56
2010-05-26,2,11,23,46,55,57
2010-06-02,13,21,27,41,49,50
2010-06-09,13,15,35,37,39,44
2010-06-16,1,3,21,33,40,43
2010-06-23,15,22,30,32,48,59
2010-06-30,2,16,19,43,47,55
2010-07-07,5,6,23,30,54,56
2010-07-14,10,18,25,30,50,56
2010-07-21,3,4,5,31,33,45
2010-07-28,3,4,13,20,31,47
2010-08-04,28,29,31,41,48,52
2010-08-11,8,13,44,46,47,55
2010-08-18,2,9,13,39,44,60
2010-08-25,8,38,39,46,51,56
2010-09-01,6,13,17,28,33,44
2010-09-08,2,9,20,29,45,55
2010-09-15,11,18,23,45,48,57
2010-09-22,2,7,23,43,53,59
2010-09-29,1,2,18,27,42,55
2010-10-06,10,17,26,31,44,56
2010-10-13,5,13,16,33,45,48
2010-10-20,8,38,39,49,51,57
2010-10-27,13,15,17,44,56,58
2010-11-03,13,16,17,18,43,46
2010-11-10,12,44,46,47,49,60
2010-11-17,7,15,18,20,46,48
2010-11-24,14,16,42,47,52,58
2010-12-01,7,18,26,48,55,56
2010-12-08,19,35,40,44,45,51
2010-12-15,21,24,26,33,50,59
2010-12-22,13,19,30,31,41,57
2010-12-29,2,5,13,44,52,60
2011-01-05,25,39,43,44,51,58
2011-01-12,3,15,21,28,52,57
2011-01-19,8,23,24,25,44,50
2011-01-26,4,8,23,24,42,45
2011-02-02,3,10,15,40,42,44
2011-02-09,11,13,25,27,50,58
2011-02-16,13,15,25,53,56,58
2011-02-23,5,14,22,28,43,48
2011-03-02,2,3,25,40,42,44
2011-03-09,7,20,21,39,40,49
2011-03-16,15,16,25,31,43,47
2011-03-23,16,29,31,36,55,59
2011-03-30,9,13,15,22,31,36
2011-04-06,5,12,32,40,45,54
2011-04-13,2,12,18,21,37,54
2011-04-20,2,23,26,37,39,59
2011-04-27,23,35,36,40,41,51
2011-05-04,6,8,13,16,20,56
2011-05-11,9,16,19,21,44,48
2011-05-18,28,30,33,38,39,43
2011-05-25,5,24,33,43,47,52
2011-06-01,34,41,43,49,56,59
2011-06-08,11,16,19,23,50,56
2011-06-15,6,10,38,47,51,54
2011-06-22,27,33,46,52,59,60
2011-06-29,2,10,13,14,15,42
2011-07-06,2,10,20,25,27,45
2011-07-13,5,25,26,34,52,56
2011-07-20,2,13,16,17,34,53
2011-07-27,6,23,42,49,54,57
2011-08-03,4,19,21,52,53,54
2011-08-10,12,17,27,43,49,53
2011-08-17,1,4,17,26,28,42
2011-08-24,10,17,21,39,45,51
2011-08-31,22,36,48,52,55,58
2011-09-07,1,4,6,37,46,56
2011-09-14,8,15,27,33,40,44
2011-09-21,19,27,37,46,50,58
2011-09-28,1,2,9,17,29,54
2011-10-05,12,18,25,30,43,58
2011-10-12,6,18,26,30,39,58
2011-10-19,8,15,29,34,36,52
2011-10-26,2,10,19,44,46,58
2011-11-02,2,3,24,33,49,52
2011-11-09,4,7,13,16,17,50
2011-11-16,7,23,25,30,37,54
2011-11-23,3,12,20,21,40,47
2011-11-30,10,20,33,45,46,58
2011-12-07,25,30,31,39,42,58
2011-12-14,20,30,31,35,38,42
2011-12-21,6,9,22,38,41,59
2011-12-28,4,42,43,53,55,57
2012-01-04,6,18,22,24,47,59
2012-01-11,16,18,25,27,40,42
2012-01-18,1,16,29,36,37,42
2012-01-25,11,17,19,26,33,36
2012-02-01,10,14,48,49,52,56
2012-02-08,5,16,23,24,39,54
2012-02-15,10,19,49,53,57,58
2012-02-22,22,26,27,51,52,53
2012-02-29,6,10,11,20,27,42
2012-03-07,7,19,21,34,44,47
2012-03-14,21,25,34,35,47,53
2012-03-21,22,25,30,45,53,54
2012-03-28,7,8,39,47,50,51
2012-04-04,22,24,25,27,35,43
2012-04-11,20,29,36,39,44,46
2012-04-18,4,30,37,41,51,56
2012-04-25,2,20,22,24,44,50
2012-05-02,6,23,29,40,52,53
2012-05-09,5,6,11,14,21,31
2012-05-16,3,18,30,46,57,60
2012-05-23,4,9,13,31,34,57
2012-05-30,16,33,37,40,46,49
2012-06-06,13,39,43,51,52,53
2012-06-13,8,10,27,37,40,43
2012-06-20,12,28,33,47,49,56
2012-06-27,8,15,20,28,41,60
2012-07-04,1,21,28,31,36,38
2012-07-11,2,7,8,13,22,39
2012-07-18,2,7,31,50,52,58
2012-07-25,15,17,34,37,41,59
2012-08-01,2,41,42,45,59,60
2012-08-08,6,27,37,39,41,58
2012-08-15,3,8,21,42,43,60
2012-08-22,5,13,21,25,34,39
2012-08-29,5,20,21,27,42,59
2012-09-05,7,15,16,17,28,44
2012-09-12,2,8,13,30,33,37
2012-09-19,11,15,27,28,49,51
2012-09-26,8,33,38,41,42,52
2012-10-03,28,32,35,39,40,55
2012-10-10,13,19,34,48,52,54
2012-10-17,21,28,32,36,40,56
2012-10-24,11,18,28,42,50,58
2012-10-31,1,9,16,21,39,55
2012-11-07,21,30,31,33,45,57
2012-11-14,8,12,13,34,56,58
2012-11-21,17,20,22,39,51,57
2012-11-28,1,4,9,10,26,43
2012-12-05,6,45,48,49,56,59
2012-12-12,8,15,25,50,55,59
2012-12-19,11,13,20,25,30,51
2012-12-26,3,4,8,16,39,40
2013-01-02,22,33,35,37,52,54
2013-01-09,23,24,26,31,33,36
2013-01-16,1,4,21,23,33,35
2013-01-23,1,3,5,28,42,55
2013-01-30,8,16,21,30,42,48
2013-02-06,17,23,25,43,46,56
2013-02-13,14,28,31,35,51,55
2013-02-20,14,17,21,28,33,43
2013-02-27,11,13,21,44,52,55
2013-03-06,16,25,28,42,52,58
2013-03-13,8,12,16,19,26,36
2013-03-20,6,21,24,35,37,43
2013-03-27,7,24,27,36,42,51
2013-04-03,3,28,35,45,49,53
2013-04-10,22,25,31,35,48,49
2013-04-17,27,33,42,48,55,60
2013-04-24,1,12,43,55,57,60
2013-05-01,7,8,16,37,44,47
2013-05-08,1,8,11,12,27,49
2013-05-15,16,32,35,41,53,60
2013-05-22,10,16,21,35,44,56
2013-05-29,12,21,25,34,47,48
2013-06-05,37,40,41,48,51,57
2013-06-12,25,34,47,57,59,60
2013-06-19,11,13,20,23,35,42
2013-06-26,8,16,26,52,58,60
2013-07-03,2,8,33,37,40,56
2013-07-10,10,30,34,44,53,59
2013-07-17,7,8,28,36,41,49
2013-07-24,8,13,14,20,23,36
2013-07-31,7,15,25,32,47,53
2013-08-07,10,11,27,30,46,52
2013-08-14,6,7,15,34,51,59
2013-08-21,14,17,22,24,40,54
2013-08-28,4,12,19,21,36,40
2013-09-04,1,13,16,39,45,56
2013-09-11,2,6,15,26,36,40
2013-09-18,1,21,24,28,51,52
2013-09-25,3,21,25,38,41,56
2013-10-02,13,16,18,22,29,51
2013-10-09,16,24,27,30,44,46
2013-10-16,7,13,27,32,49,59
2013-10-23,13,28,45,52,57,60
2013-10-30,27,29,37,52,53,58
2013-11-06,3,5,8,52,53,55
2013-11-13,8,11,35,37,40,42
2013-11-20,1,18,30,37,41,44
2013-11-27,3,22,31,42,45,55
2013-12-04,1,15,26,33,41,60
2013-12-11,2,6,13,21,29,30
2013-12-18,6,13,20,26,36,50
2013-12-25,5,6,13,21,52,53
2014-01-01,8,44,49,52,54,55
2014-01-08,24,34,36,39,47,58
2014-01-15,8,10,31,42,46,60
2014-01-22,8,17,31,33,42,43
2014-01-29,34,35,38,42,45,50
2014-02-05,1,12,21,35,38,45
2014-02-12,5,6,10,18,35,37
2014-02-19,10,11,22,28,39,58
2014-02-26,13,21,24,30,34,39
2014-03-05,7,19,28,48,58,59
2014-03-12,26,39,45,47,48,53
2014-03-19,8,15,30,45,49,53
2014-03-26,1,13,26,27,36,41
2014-04-02,26,27,29,37,41,44
2014-04-09,10,16,30,37,57,59
2014-04-16,3,7,18,35,39,49
2014-04-23,4,8,21,30,51,56
2014-04-30,32,33,38,40,55,59
2014-05-07,1,2,8,20,44,49
2014-05-14,28,32,45,47,55,58
2014-05-21,9,18,40,41,49,51
2014-05-28,10,28,31,40,53,56
2014-06-04,4,5,30,31,43,57
2014-06-11,1,17,21,30,54,55
2014-06-18,34,35,36,39,40,55
2014-06-25,2,26,33,35,36,56
2014-07-02,6,10,24,34,35,36
2014-07-09,3,9,44,51,53,59
2014-07-16,12,15,40,42,53,56
2014-07-23,1,17,41,44,46,58
2014-07-30,13,29,30,34,40,58
2014-08-06,3,10,11,23,29,39
2014-08-13,15,22,24,33,49,59
2014-08-20,26,27,35,40,43,52
2014-08-27,11,12,21,24,28,45
2014-09-03,5,13,25,33,35,56
2014-09-10,1,6,16,29,46,55
2014-09-17,8,24,40,45,53,57
2014-09-24,11,13,15,16,42,52
2014-10-01,6,7,31,46,53,60
2014-10-08,7,10,24,42,47,49
2014-10-15,25,29,35,41,49,55
2014-10-22,9,11,13,27,30,34
2014-10-29,4,21,39,50,52,56
2014-11-05,4,17,23,24,29,42
2014-11-12,27,34,42,44,53,60
2014-11-19,5,20,36,37,45,48
2014-11-26,7,17,18,21,49,51
2014-12-03,2,10,19,39,42,45
2014-12-10,4,12,17,31,33,36
2014-12-17,3,22,23,38,56,60
2014-12-24,7,8,12,16,18,33
2014-12-31,25,28,30,35,47,53
2015-01-07,22,29,30,34,43,49
2015-01-14,3,5,22,29,30,31
2015-01-21,3,5,11,15,42,50
2015-01-28,6,9,20,27,29,35
2015-02-04,1,21,29,41,42,57
2015-02-11,3,7,11,20,21,41
2015-02-18,8,24,27,40,48,60
2015-02-25,2,17,24,31,39,51
2015-03-04,1,7,12,24,31,48
2015-03-11,20,21,22,28,50,52
2015-03-18,3,9,10,21,36,59
2015-03-25,10,11,21,23,38,40
2015-04-01,5,16,25,31,55,59
2015-04-08,11,16,25,32,50,52
2015-04-15,27,33,34,42,46,47
2015-04-22,2,32,44,49,56,57
2015-04-29,5,6,9,34,53,55
2015-05-06,18,26,32,40,42,54
2015-05-13,4,13,15,25,42,48
2015-05-20,23,41,43,46,49,51
2015-05-27,24,25,40,43,44,49
2015-06-03,16,33,39,40,43,44
2015-06-10,11,13,28,31,39,55
2015-06-17,16,19,21,44,47,58
2015-06-24,1,13,17,27,34,60
2015-07-01,2,7,18,28,32,40
2015-07-08,7,9,28,42,49,50
2015-07-15,3,8,31,42,51,53
2015-07-22,7,28,31,33,41,53
2015-07-29,1,9,17,18,23,43
2015-08-05,1,8,15,44,48,49
2015-08-12,12,17,31,34,44,57
2015-08-19,1,7,16,37,47,55
2015-08-26,14,20,23,35,43,60
2015-09-02,4,21,22,37,46,60
2015-09-09,12,23,29,37,44,46
2015-09-16,2,13,17,23,51,58
2015-09-23,6,13,20,34,45,57
2015-09-30,5,21,45,46,47,60
2015-10-07,17,18,25,38,44,58
2015-10-14,2,16,21,40,48,57
2015-10-21,1,10,17,24,48,49
2015-10-28,3,10,38,45,49,54
2015-11-04,2,13,29,39,42,54
2015-11-11,16,27,31,38,44,47
2015-11-18,1,8,9,44,56,57
2015-11-25,13,21,31,40,50,58
2015-12-02,1,9,13,41,43,50
2015-12-09,8,11,31,41,52,56
2015-12-16,15,28,36,41,49,57
2015-12-23,21,25,28,40,46,58
2015-12-30,4,13,39,40,42,52
2016-01-06,3,6,8,35,50,59
2016-01-13,21,29,30,33,47,60
2016-01-20,1,13,34,37,40,51
2016-01-27,1,11,13,23,28,36
2016-02-03,2,17,29,43,48,50
2016-02-10,7,15,35,43,54,58
2016-02-17,14,18,19,24,25,56
2016-02-24,4,8,17,19,46,52
2016-03-02,2,4,24,30,43,52
2016-03-09,1,13,19,26,45,59
2016-03-16,16,28,31,51,58,60
2016-03-23,2,9,13,25,44,58
2016-03-30,6,11,13,17,29,34
2016-04-06,1,3,27,37,53,56
2016-04-13,3,21,24,34,54,60
2016-04-20,12,21,27,28,49,59
2016-04-27,10,31,37,48,52,60
2016-05-04,3,11,20,27,31,42
2016-05-11,15,18,28,30,45,55
2016-05-18,6,31,34,37,49,60
2016-05-25,7,8,13,19,53,59
2016-06-01,13,15,25,29,33,52
2016-06-08,10,20,33,49,51,56
2016-06-15,1,20,36,40,55,56
2016-06-22,27,33,34,39,42,55
2016-06-29,1,7,10,43,46,57
2016-07-06,7,13,15,28,45,49
2016-07-13,4,17,21,23,26,48
2016-07-20,7,29,37,42,53,55
2016-07-27,10,17,23,28,39,44
2016-08-03,7,8,9,38,44,49
2016-08-10,5,32,35,41,46,49
2016-08-17,9,13,31,42,43,51
2016-08-24,1,14,16,17,49,57
2016-08-31,2,20,30,38,46,48
2016-09-07,2,4,15,16,23,37
2016-09-14,2,10,39,40,42,46
2016-09-21,6,29,33,47,49,56
2016-09-28,12,14,21,22,40,59
2016-10-05,1,35,36,42,50,60
2016-10-12,7,13,20,24,37,45
2016-10-19,11,12,22,37,44,46
2016-10-26,13,21,28,35,52,54
2016-11-02,6,19,23,24,33,41
2016-11-09,34,39,40,42,43,44
2016-11-16,10,13,22,28,42,57
2016-11-23,2,3,30,40,48,50
2016-11-30,2,7,20,40,41,60
2016-12-07,23,24,35,37,45,53
2016-12-14,29,30,33,43,44,58
2016-12-21,1,8,12,32,35,46
2016-12-28,38,42,46,49,50,53
2017-01-04,14,18,25,34,40,52
2017-01-11,5,14,21,35,43,60
2017-01-18,6,8,18,30,35,36
2017-01-25,30,44,49,50,53,60
2017-02-01,16,22,32,46,51,60
2017-02-08,2,20,27,46,54,55
2017-02-15,2,6,13,17,21,56
2017-02-22,13,24,26,30,43,50
2017-03-01,3,4,28,50,53,56
2017-03-08,1,34,37,44,47,52
2017-03-15,7,13,16,21,24,51
2017-03-22,29,39,43,44,50,57
2017-03-29,12,24,32,40,44,48
2017-04-05,20,21,28,32,34,35
2017-04-12,10,12,30,34,42,53
2017-04-19,31,41,42,51,54,60
2017-04-26,5,14,15,29,45,48
2017-05-03,2,12,18,21,28,30
2017-05-10,10,19,25,35,36,40
2017-05-17,1,19,23,26,54,57
2017-05-24,1,2,13,38,39,44
2017-05-31,10,25,26,35,37,49
2017-06-07,4,28,39,51,53,55
2017-06-14,10,17,33,36,45,60
2017-06-21,4,18,20,47,48,50
2017-06-28,4,5,43,45,54,58
2017-07-05,32,33,35,38,40,56
2017-07-12,24,25,38,42,47,51
2017-07-19,2,13,15,28,31,52
2017-07-26,7,8,37,38,45,48
2017-08-02,15,16,18,40,41,59
2017-08-09,2,20,21,33,38,53
2017-08-16,6,13,16,28,52,58
2017-08-23,7,18,21,34,51,54
2017-08-30,2,14,24,35,53,57
2017-09-06,3,19,24,47,53,56
2017-09-13,1,5,6,36,54,55
2017-09-20,8,23,28,32,49,59
2017-09-27,10,12,17,21,30,58
2017-10-04,19,21,26,28,30,39
2017-10-11,3,5,10,29,30,48
2017-10-18,1,19,31,36,42,44
2017-10-25,1,23,40,46,49,52
2017-11-01,3,11,18,34,37,49
2017-11-08,1,17,18,35,39,54
2017-11-15,11,21,29,51,57,59
2017-11-22,12,16,17,33,46,58
2017-11-29,8,24,45,46,48,56
2017-12-06,25,32,33,37,40,58
2017-12-13,5,11,14,37,50,59
2017-12-20,4,11,12,16,36,52
2017-12-27,2,4,34,53,55,56
2018-01-03,15,28,40,43,46,51
2018-01-10,1,27,29,43,52,57
2018-01-17,1,16,21,33,37,54
2018-01-24,28,37,39,41,42,46
2018-01-31,11,17,22,26,35,43
2018-02-07,3,4,19,24,41,46
2018-02-14,7,14,38,45,51,60
2018-02-21,4,13,15,24,29,38
2018-02-28,5,6,9,21,40,52
2018-03-07,5,13,14,41,45,57
2018-03-14,34,39,41,44,49,51
2018-03-21,5,16,24,33,46,55
2018-03-28,6,11,34,41,43,59
2018-04-04,2,29,34,39,50,56
2018-04-11,9,20,34,40,49,56
2018-04-18,14,16,23,28,31,54
2018-04-25,7,11,18,19,20,43
2018-05-02,2,15,33,40,47,57
2018-05-09,21,22,26,46,50,51
2018-05-16,22,26,38,43,45,49
2018-05-23,1,24,34,40,46,58
2018-05-30,16,26,27,34,46,51
2018-06-06,2,3,33,39,53,54
2018-06-13,12,28,33,35,41,57
2018-06-20,11,27,31,40,42,45
2018-06-27,1,15,17,32,33,42
2018-07-04,20,24,31,40,43,59
2018-07-11,12,28,38,49,51,55
2018-07-18,23,24,27,31,36,46
2018-07-25,34,35,39,43,49,50
2018-08-01,26,40,41,46,47,57
2018-08-08,10,12,13,20,41,48
2018-08-15,4,30,43,49,57,59
2018-08-22,13,18,21,22,36,60
2018-08-29,1,8,24,28,41,43
2018-09-05,7,18,23,28,48,52
2018-09-12,1,29,30,31,37,56
2018-09-19,4,26,40,44,57,60
2018-09-26,15,25,35,43,50,51
2018-10-03,6,7,28,29,56,58
2018-10-10,9,19,21,30,45,56
2018-10-17,9,15,17,18,26,42
2018-10-24,8,40,46,50,54,58
2018-10-31,6,31,38,40,53,60
2018-11-07,15,25,43,47,51,57
2018-11-14,1,17,21,26,31,42
2018-11-21,3,26,35,39,40,59
2018-11-28,36,42,47,48,50,53
2018-12-05,1,5,15,20,29,47
2018-12-12,7,10,17,19,38,43
2018-12-19,5,19,30,36,42,47
2018-12-26,5,7,11,28,35,54
2019-01-02,1,4,12,21,30,33
2019-01-09,20,24,28,30,43,51
2019-01-16,2,10,33,47,55,59
2019-01-23,15,19,23,28,44,48
2019-01-30,1,5,8,9,42,60
2019-02-06,1,26,36,38,54,55
2019-02-13,8,13,39,40,56,60
2019-02-20,17,22,23,34,37,53
2019-02-27,9,11,23,31,34,40
2019-03-06,13,16,22,34,48,58
2019-03-13,18,29,31,45,57,60
2019-03-20,2,7,27,28,42,55
2019-03-27,4,6,13,24,28,34
2019-04-03,15,18,27,49,54,59
2019-04-10,13,18,21,28,49,56
2019-04-17,14,28,37,38,40,60
2019-04-24,2,5,13,21,54,57
2019-05-01,3,13,16,24,30,52
2019-05-08,5,13,34,47,56,57
2019-05-15,1,30,37,44,48,55
2019-05-22,11,15,34,36,42,57
2019-05-29,5,12,19,21,49,54
2019-06-05,1,10,21,23,51,55
2019-06-12,24,25,29,48,54,58
2019-06-19,1,6,15,20,50,53
2019-06-26,7,8,11,26,28,35
2019-07-03,9,12,13,22,43,48
2019-07-10,8,10,12,17,43,51
2019-07-17,17,47,49,53,56,58
2019-07-24,16,29,36,41,45,52
2019-07-31,12,21,28,45,46,60
2019-08-07,15,16,29,30,35,43
2019-08-14,1,10,13,20,33,40
2019-08-21,4,9,13,15,34,48
2019-08-28,6,12,21,22,46,49
2019-09-04,9,14,39,46,47,51
2019-09-11,1,4,5,40,46,51
2019-09-18,7,16,26,38,49,60
2019-09-25,3,6,8,19,23,28
2019-10-02,2,21,24,29,49,59
2019-10-09,2,8,16,31,55,58
2019-10-16,8,15,25,26,33,50
2019-10-23,5,12,25,38,42,49
2019-10-30,11,13,26,43,52,56
2019-11-06,18,20,43,48,49,52
2019-11-13,3,21,33,38,50,51
2019-11-20,15,16,37,47,48,49
2019-11-27,7,11,26,27,35,40
2019-12-04,1,7,16,19,37,49
2019-12-11,7,17,28,33,57,58
2019-12-18,7,15,39,43,45,58
2019-12-25,2,20,25,34,52,55
2020-01-01,18,28,36,37,41,44
2020-01-08,8,23,24,29,45,60
2020-01-15,2,5,19,27,34,43
2020-01-22,10,24,40,53,54,56
2020-01-29,8,17,29,49,50,59
2020-02-05,6,20,33,40,41,42
2020-02-12,16,19,35,36,42,60
2020-02-19,7,15,34,36,42,56
2020-02-26,13,23,25,40,52,55
2020-03-04,7,23,27,38,44,56
2020-03-11,17,21,25,37,50,60
2020-03-18,4,8,19,30,35,48
2020-03-25,15,20,30,31,36,55
2020-04-01,17,38,42,45,48,55
2020-04-08,30,31,32,33,51,59
2020-04-15,15,22,33,35,48,58
2020-04-22,13,16,28,49,53,57
2020-04-29,18,21,42,47,56,58
2020-05-06,10,16,19,27,31,35
2020-05-13,5,13,37,52,54,57
2020-05-20,4,12,17,20,22,28
2020-05-27,18,23,27,37,39,46
2020-06-03,2,22,26,42,47,48
2020-06-10,7,10,35,48,51,53
2020-06-17,9,10,11,13,20,40
2020-06-24,6,7,10,33,56,60
2020-07-01,3,12,18,21,35,38
2020-07-08,1,4,8,45,59,60
2020-07-15,33,41,56,57,58,60
2020-07-22,22,34,39,45,51,60
2020-07-29,7,21,28,38,56,57
2020-08-05,3,11,18,27,30,50
2020-08-12,5,18,30,53,55,60
2020-08-19,2,15,23,26,49,54
2020-08-26,4,11,20,25,26,28
2020-09-02,23,35,36,42,45,47
2020-09-09,5,7,9,13,31,54
2020-09-16,17,22,25,43,49,60
2020-09-23,22,24,26,28,34,60
2020-09-30,1,2,14,19,20,45
2020-10-07,11,13,19,33,54,60
2020-10-14,1,13,23,40,45,48
2020-10-21,11,27,34,35,48,52
2020-10-28,7,16,29,41,48,49
2020-11-04,5,16,26,42,46,49
2020-11-11,12,17,31,32,42,53
2020-11-18,1,20,25,40,42,59
2020-11-25,1,11,24,36,47,55
2020-12-02,10,11,18,44,47,54
2020-12-09,10,12,24,43,44,46
2020-12-16,11,21,26,36,40,50
2020-12-23,3,28,36,43,53,54
2020-12-30,3,5,16,26,42,47
2021-01-06,1,2,3,40,45,57
2021-01-13,29,37,42,49,52,60
2021-01-20,11,16,27,34,40,52
2021-01-27,8,32,41,47,49,57
2021-02-03,12,31,32,49,50,58
2021-02-10,2,4,37,41,47,58
2021-02-17,4,21,31,40,52,53
2021-02-24,2,22,23,30,35,48
2021-03-03,1,32,40,45,55,60
2021-03-10,27,29,37,42,44,55
2021-03-17,3,21,24,33,34,60
2021-03-24,26,31,41,43,49,50
2021-03-31,4,27,31,36,41,56
2021-04-07,21,27,31,39,40,49
2021-04-14,20,28,33,37,39,49
2021-04-21,9,11,12,13,23,42
2021-04-28,12,31,35,46,47,55
2021-05-05,10,15,24,27,33,40
2021-05-12,18,33,34,42,53,58
2021-05-19,1,8,20,23,42,52
2021-05-26,4,24,35,38,53,55
2021-06-02,11,20,28,29,45,59
2021-06-09,12,35,37,52,53,57
2021-06-16,21,29,35,37,49,50
2021-06-23,2,4,18,39,41,50
2021-06-30,11,18,24,33,52,60
2021-07-07,4,8,19,29,37,40
2021-07-14,2,17,24,30,33,52
2021-07-21,5,9,21,42,43,57
2021-07-28,8,28,38,44,49,58
2021-08-04,5,21,28,50,52,55
2021-08-11,11,30,32,36,45,55
2021-08-18,1,3,11,42,46,49
2021-08-25,1,5,33,35,52,55
2021-09-01,8,10,16,23,26,43
2021-09-08,1,10,21,42,50,55
2021-09-15,8,19,28,38,43,51
2021-09-22,7,21,22,39,45,47
2021-09-29,7,28,29,31,35,51
2021-10-06,10,14,28,32,36,42
2021-10-13,3,9,14,18,49,53
2021-10-20,12,27,28,46,53,54
2021-10-27,8,21,27,48,49,54
2021-11-03,21,25,38,52,56,59
2021-11-10,28,44,46,47,49,59
2021-11-17,14,15,27,31,44,51
2021-11-24,22,28,34,37,40,58
2021-12-01,6,10,40,41,44,50
2021-12-08,4,5,10,19,34,43
2021-12-15,3,14,36,38,39,49
2021-12-22,3,13,40,49,55,57
2021-12-29,8,14,19,35,47,52
2022-01-05,7,12,18,31,37,48
2022-01-12,11,24,25,27,30,50
2022-01-19,21,23,26,27,41,44
2022-01-26,27,33,34,37,42,53
2022-02-02,10,27,34,40,41,55
2022-02-09,5,13,20,28,50,57
2022-02-16,5,8,32,36,39,46
2022-02-23,6,8,16,21,24,36
2022-03-02,1,3,8,34,35,58
2022-03-09,15,17,35,36,41,49
2022-03-16,4,8,24,27,43,44
2022-03-23,30,31,43,44,48,55
2022-03-30,26,30,40,50,53,59
2022-04-06,4,29,45,48,49,53
2022-04-13,18,35,37,41,50,58
2022-04-20,1,19,26,29,48,58
2022-04-27,4,6,16,21,27,39
2022-05-04,11,21,33,46,47,49
2022-05-11,4,23,25,34,43,47
2022-05-18,5,18,19,21,39,56
2022-05-25,12,20,21,32,37,60
2022-06-01,1,3,8,28,29,38
2022-06-08,20,24,25,27,28,47
2022-06-15,1,4,21,35,47,53
2022-06-22,8,12,15,22,28,52
2022-06-29,15,17,19,41,42,43
2022-07-06,4,37,39,49,51,52
2022-07-13,10,13,20,45,46,53
2022-07-20,2,8,30,36,49,60
2022-07-27,11,27,44,47,51,60
2022-08-03,2,11,28,31,45,56
2022-08-10,1,13,19,39,44,49
2022-08-17,3,21,33,51,57,58
2022-08-24,4,19,20,22,39,54
2022-08-31,9,21,27,40,49,59
2022-09-07,11,34,44,51,53,56
2022-09-14,8,16,25,28,32,41
2022-09-21,28,36,44,46,47,56
2022-09-28,8,25,37,45,48,54
2022-10-05,1,10,11,20,29,53
2022-10-12,3,20,33,40,42,50
2022-10-19,1,31,34,35,37,57
2022-10-26,11,21,22,25,37,59
2022-11-02,5,26,33,50,53,54
2022-11-09,6,9,19,34,35,45
2022-11-16,7,9,10,25,42,55
2022-11-23,8,28,34,37,57,58
2022-11-30,4,16,25,33,48,57
2022-12-07,18,19,22,28,42,53
2022-12-14,1,12,15,16,39,58
2022-12-21,22,28,31,41,54,59
2022-12-28,7,18,22,42,54,59
2023-01-04,7,33,46,50,56,58
2023-01-11,7,10,18,19,31,36
2023-01-18,3,6,19,22,27,59
2023-01-25,2,10,17,39,41,60
2023-02-01,9,25,26,35,47,53
2023-02-08,16,20,22,30,37,52
2023-02-15,7,13,30,34,39,48
2023-02-22,12,13,20,22,42,60
2023-03-01,8,34,36,40,47,50
2023-03-08,3,7,40,41,42,60
2023-03-15,1,5,17,26,34,59
2023-03-22,1,6,15,28,34,59
2023-03-29,3,10,26,33,50,54
2023-04-05,13,19,29,42,48,49
2023-04-12,9,17,19,30,36,57
2023-04-19,17,19,34,51,52,57
2023-04-26,8,23,29,33,53,54
2023-05-03,2,20,42,46,49,57
2023-05-10,2,5,16,45,48,56
2023-05-17,20,21,25,36,51,58
2023-05-24,26,28,42,48,49,57
2023-05-31,19,27,36,41,47,58
2023-06-07,1,10,20,36,41,50
2023-06-14,8,13,21,25,35,36
2023-06-21,1,11,20,29,44,51
2023-06-28,8,28,31,40,46,57
2023-07-05,29,40,41,45,53,60
2023-07-12,21,31,33,43,49,58
2023-07-19,11,26,34,38,42,50
2023-07-26,12,24,29,33,36,43
2023-08-02,23,37,38,41,43,44
2023-08-09,23,35,38,42,45,48
2023-08-16,5,11,21,24,31,52
2023-08-23,16,32,36,37,52,59
2023-08-30,6,8,9,19,49,53
2023-09-06,15,18,27,40,44,58
2023-09-13,13,14,30,31,36,52
2023-09-20,8,13,16,17,51,55
2023-09-27,2,4,13,20,34,55
2023-10-04,3,20,25,28,34,56
2023-10-11,5,12,26,45,50,52
2023-10-18,7,12,14,17,30,59
2023-10-25,1,2,12,29,37,56
2023-11-01,7,16,18,31,46,49
2023-11-08,5,10,23,28,31,53
2023-11-15,19,29,30,47,50,56
2023-11-22,9,16,23,24,35,49
2023-11-29,4,7,13,19,21,51
2023-12-06,2,18,30,35,39,60
2023-12-13,3,24,27,32,45,53
2023-12-20,10,25,26,32,44,58
2023-12-27,1,13,31,43,47,54
2024-01-03,2,11,17,24,46,49
2024-01-10,5,18,28,34,36,55
2024-01-17,4,28,30,38,39,55
2024-01-24,4,13,21,22,38,56
2024-01-31,13,15,21,35,42,52
2024-02-07,1,8,30,31,33,46
2024-02-14,8,13,28,41,45,51
2024-02-21,10,17,28,29,36,46
2024-02-28,3,11,37,40,49,58
2024-03-06,8,20,35,45,50,59
2024-03-13,3,10,13,18,22,57
2024-03-20,19,26,28,38,44,50
2024-03-27,11,27,41,46,49,59
2024-04-03,3,6,16,33,35,40
2024-04-10,3,27,36,42,47,59
2024-04-17,13,21,30,33,46,59
2024-04-24,7,19,28,41,44,47
2024-05-01,2,4,15,21,39,40
2024-05-08,10,20,23,28,33,57
2024-05-15,6,11,18,22,37,48
2024-05-22,16,27,36,42,43,51
2024-05-29,22,33,39,47,48,57
2024-06-05,7,14,24,31,51,54
2024-06-12,10,22,41,50,53,59
2024-06-19,7,20,21,28,35,51
2024-06-26,13,19,23,34,46,48
2024-07-03,1,2,14,43,48,51
2024-07-10,5,6,25,53,59,60
2024-07-17,18,34,35,47,54,57
2024-07-24,8,9,26,29,32,44
2024-07-31,2,3,13,28,42,46
2024-08-07,5,13,24,25,38,51
2024-08-14,18,21,30,37,40,47
2024-08-21,13,31,42,45,50,57
2024-08-28,4,14,16,31,39,60
2024-09-04,7,10,34,44,50,52
2024-09-11,1,20,21,24,50,55
2024-09-18,9,21,36,40,46,59
2024-09-25,5,14,21,36,45,54
2024-10-02,20,21,24,30,44,55
2024-10-09,3,11,18,25,27,58
2024-10-16,13,18,21,25,28,56
2024-10-23,3,24,26,30,52,59
2024-10-30,8,25,28,41,48,59
2024-11-06,1,16,27,54,55,57
2024-11-13,1,3,22,42,45,58
2024-11-20,13,16,23,39,46,54
2024-11-27,4,12,13,33,39,58
2024-12-04,4,11,13,18,21,27
2024-12-11,9,15,22,33,43,59
2024-12-18,6,27,38,39,55,58
2024-12-25,15,21,33,41,44,47
2025-01-01,13,22,30,35,42,57
2025-01-08,12,17,20,29,33,48
2025-01-15,17,19,28,29,42,45
2025-01-22,3,11,18,20,28,55
2025-01-29,6,32,36,40,53,58
2025-02-05,5,13,21,33,44,59
2025-02-12,5,21,25,45,48,53
2025-02-19,8,11,23,34,53,56
2025-02-26,5,13,22,30,31,41
2025-03-05,7,20,21,24,29,40
2025-03-12,7,15,18,31,34,59
2025-03-19,8,11,12,19,28,53
2025-03-26,1,6,7,27,29,40
2025-04-02,11,17,23,32,40,47
2025-04-09,1,3,21,29,46,49
2025-04-16,2,9,13,23,39,53
2025-04-23,13,17,45,49,52,54
2025-04-30,8,18,28,29,39,48
2025-05-07,30,33,35,39,59,60
2025-05-14,7,28,40,41,46,50
2025-05-21,5,13,14,27,43,48
2025-05-28,1,2,9,26,46,48
2025-06-04,16,19,20,23,49,60
2025-06-11,5,6,33,39,47,52
2025-06-18,5,15,28,33,35,39
2025-06-25,15,17,35,48,49,60
2025-07-02,7,12,15,23,42,51
2025-07-09,1,8,13,22,31,41
2025-07-16,16,18,25,28,56,59
2025-07-23,11,13,19,26,54,55
2025-07-30,1,4,11,13,24,58
2025-08-06,12,28,37,39,54,60
2025-08-13,22,32,35,49,54,55
2025-08-20,15,17,27,33,35,41
2025-08-27,13,32,36,57,59,60
2025-09-03,4,8,24,27,42,48
2025-09-10,3,5,13,16,21,30
2025-09-17,12,25,34,47,56,60
2025-09-24,10,25,30,43,44,50
2025-10-01,13,22,26,34,44,54
2025-10-08,13,21,28,30,41,53
2025-10-15,3,6,8,19,21,51
2025-10-22,1,31,39,42,48,51
2025-10-29,26,30,33,35,38,56
2025-11-05,13,21,29,36,37,43
2025-11-12,1,14,15,44,46,55
2025-11-19,29,30,42,52,56,58
2025-11-26,9,13,25,29,52,56
2025-12-03,2,4,9,39,40,43
2025-12-10,5,7,10,34,53,59
2025-12-17,9,11,19,22,48,57
2025-12-24,10,33,37,49,53,57
2025-12-31,2,6,13,14,26,45
2026-01-07,7,13,31,38,43,44
2026-01-14,10,13,22,47,53,54
2026-01-21,13,14,16,25,29,53
2026-01-28,2,20,28,30,37,53
2026-02-04,6,31,40,45,46,49
2026-02-11,11,20,43,49,50,53
2026-02-18,3,13,14,19,25,29
2026-02-25,1,2,28,33,42,53
2026-03-04,3,16,31,37,45,49
2026-03-11,14,25,39,40,57,59
2026-03-18,3,28,30,32,36,49
2026-03-25,6,8,16,37,40,56
2026-04-01,1,11,13,26,35,40
2026-04-08,4,36,42,47,51,59
2026-04-15,10,30,37,41,42,53
2026-04-22,1,37,39,45,55,56
2026-04-29,21,38,42,43,44,51
2026-05-06,5,13,18,23,35,49
2026-05-13,4,13,20,25,33,51
2026-05-20,13,26,31,35,50,53
2026-05-27,5,18,19,24,26,56
2026-06-03,1,17,25,27,32,49
2026-06-10,3,12,27,44,51,55
2026-06-17,5,13,21,28,34,57
2026-06-24,12,35,41,45,46,49
2026-07-01,26,27,28,39,52,59
2026-07-08,3,27,46,48,49,50
2026-07-15,3,7,9,17,39,41
2026-07-22,13,28,32,34,37,49
2026-07-29,6,19,26,31,56,60
2026-08-05,2,21,37,42,47,57
2026-08-12,1,18,20,23,38,48
2026-08-19,21,29,38,49,50,56
2026-08-26,8,12,29,34,47,48
2026-09-02,3,12,20,23,36,49
2026-09-09,2,22,25,31,43,57
2026-09-16,9,15,47,53,55,58
2026-09-23,4,20,22,23,31,42
2026-09-30,28,31,34,42,43,47
2026-10-07,15,19,24,30,32,46
2026-10-14,4,5,9,34,54,56
2026-10-21,2,16,20,24,33,34
2026-10-28,18,20,23,48,53,60
2026-11-04,4,25,40,51,55,56
2026-11-11,26,29,32,36,45,58
2026-11-18,1,6,26,34,54,59
2026-11-25,2,23,26,37,57,58
2026-12-02,1,11,20,39,47,52
2026-12-09,1,3,20,27,31,58
2026-12-16,21,29,43,46,50,52
2026-12-23,12,35,40,43,44,59
2026-12-30,13,23,24,36,45,50
